id_news,event,category,address,latitud,longitud
53.878.712, un concierto √∫nico.,entretenimiento, Sala SCD Plaza Ega√±a.,,
53.412.225, estragos causados por el sistema frontal.,educacion, Regi√≥n de Coquimbo,-30.7546652,-70.9005536
53.558.369," concierto,",entretenimiento," Teatro Caupolic√°n,",-33.4562166,-70.64923855
53.877.607," robo con violencia,",ciencia," calle Lynch a la altura del Destacamento Tucapel,",,
53.560.642," tormentas el√©ctricas,",medio_ambiente," zona centro y sur,",,
53.561.872, Enel,accidentes," calle Albany,",28.6920453,-106.1516518
53.412.031, creciente demanda social,politica, mi√©rcoles,-0.307869,-78.3989089
53.598.423," ""la situaci√≥n especifica que se ha producido en determinados hospitales,",ciencia," S√≥tero del R√≠o,",-33.437987,-70.7205772
53.409.706, la elecci√≥n,educacion," La Araucan√≠a,",-40.9071314,-73.157326
53.561.077," pandemia, estallido,",ciencia, Eurocentro,-33.442100100000005,-70.65030385455051
53.555.547," Campeonato Nacional de Enduro,",deportes," Guangual√≠, Regi√≥n de Coquimbo.",-32.1334175,-71.3738573
53.627.438," un ciclo muy importante en mi vida,",deportes, Espa√±a.,39.3260685,-4.8379791
53.557.534, seminario sobre delincuencia,ciencia," seminario sobre delincuencia organizado por Clapes UC,",,
53.425.077, Juegos Ol√≠mpicos,deportes, Par√≠s 2024,-34.73311773469388,-58.44644124489796
53.709.633, concierto compartido.,entretenimiento, Gran Arena Monticello.,-33.9220276,-70.7212841
53.567.774, falta de resiliencia de la ciudad ante estos eventos clim√°ticos,medio_ambiente, la capital,25.672851549999997,-100.29938002483908
53.554.241," liga de f√∫tbol,",educacion," Complejo Deportivo de la Compa√±√≠a Minera del Pac√≠fico,",,
53.421.701, conciertos,ciencia," Viena, Austria,",48.2083537,16.3725042
53.410.525, encuentro donde Deportes La Serena venci√≥ a Curic√≥ Unido.,deportes," Cl√≠nica Elqui,",-29.9090406,-71.245236
53.877.078, D√≠a del Ni√±o,educacion," la calle Santo Domingo 978, Santiago Centro,",,
53.554.036, megaterremoto,ciencia, Tohoku Oki,,
53.878.656, campa√±a 2024.,deportes, Minnesota Vikings,44.857367,-93.1179309
53.420.979, una disputa electoral,internacional, en medio de una disputa electoral en ese pa√≠s,,
53.011.395, un accidente,ciencia, Banco Santander ubicado en la avenida Vicu√±a Mackenna.,,
53.691.662, licitaci√≥n de estudios,tecnologia, Aeropuerto,7.9333076,-72.51223026914192
53.413.493," sesi√≥n del Comit√© Interministerial de Derechos Humanos,",politica," centro de Santiago,",7.8644479,-72.7165562
53.558.944, Encuesta Suplementaria de Ingresos (ESI) 2023,ciencia, Encuesta Suplementaria de Ingresos (ESI) 2023,,
53.562.768, la guerra.,tecnologia," en el laboratorio de IA,",,
53.415.479," ""fraude m√°s gigantesco en la historia moderna"".",internacional, Venezuela,8.0018709,-66.1109318
53.417.619," feriado irrenunciable para el d√≠a domingo,",politica, la comisi√≥n de Hacienda de la C√°mara de Diputados,,
53.557.061," una balacera entre bandas rivales,",ciencia," Puente Alto, Regi√≥n Metropolitana.",-33.6095279,-70.5754736
53.562.478, ExpoRural 2024,tecnologia," Buenos Aires, Argentina,",45.4838459,9.2147675
53.017.189, fen√≥meno clim√°tico.,medio_ambiente, EE.UU.,38.8927368,-77.02292005112255
53.415.021, crisis pol√≠tica,internacional, Venezuela,8.0018709,-66.1109318
53.554.063," La gala de los¬†Emmys¬Æ,",entretenimiento, Peacock Theatre de Los √Ångeles.,34.0445026,-118.26707163660464
53.554.672, Merco Talento Chile 2024,tecnologia, Cl√≠nica Las Condes,-33.3846367,-70.5307602816784
53.582.539, Plan Municipal de Cultura,medio_ambiente," Castro,",34.4952536,-102.2592314
53.522.080, amistoso,deportes, Supercopa de Inglaterra,,
53.558.241," peligro de reiteraci√≥n y de fuga inminente,",ciencia," Cuarto Juzgado de Garant√≠a de Santiago,",,
53.557.606, salud mental,salud," Lesoto,",-29.6039267,28.3350193
53.559.505, delictuales,medio_ambiente," Municipalidad de La Florida,",-33.51748775,-70.59374713516362
53.412.648, diversos delitos econ√≥micos.,internacional, Chile,-31.7613365,-71.3187697
53.555.168," pandemia, estallido,",entretenimiento, Eurocentro,-33.442100100000005,-70.65030385455051
53.423.718, elecciones presidenciales,internacional," Chile,",-31.7613365,-71.3187697
53.788.668, temporada estival,medio_ambiente," a un costado de la calle Padre Hurtado,",,
53.563.117," doble sobrevuelo √∫nico sobre la Luna y la Tierra,",medio_ambiente, J√∫piter,26.9342246,-80.0942087
53.562.247, continuidad de Maduro,internacional," Venezuela,",8.0018709,-66.1109318
53.879.244, primera misi√≥n tripulada,ciencia, Estaci√≥n Espacial Internacional,,
53.708.135, fen√≥meno,ciencia,¬†capit√°n Y√°ber.,,
53.882.736, audio,ciencia, Centro de Detenci√≥n Preventiva Santiago 1.,-33.475696600000006,-70.6582797453631
53.523.020, Mundial de f√∫tbol de 2026.,deportes, El Alto),-16.5048228,-68.1624337
53.554.270, ‚ÄúCaso Audios‚Äù.,ciencia, Cuarto Juzgado de Garant√≠a de Santiago,,
53.559.281, la demanda,ciencia, Tesorer√≠a General de la Rep√∫blica (TGR),,
53.555.615, Semana de la Lactancia Materna,educacion, Valpara√≠so,-33.0458456,-71.6196749
53.603.259, baja mortalidad,salud, cuatro hospitales del pa√≠s,,
53.411.194, ‚Äúsin lugar a dudas la trayectoria pol√≠tica,politica, la Sala del Senado,,
53.561.263," tel√∫rico,",ciencia," Tarapac√°,",-20.1636672,-69.5463448
53.557.747, la mencionada actividad es del 2019,politica, La Tercera,-36.0372457,-71.6292205
53.879.003, la crisis.,ciencia, Santiago.,-33.4377756,-70.6504502
53.416.536, entrega de armas entre distintos grupos delictuales.,ciencia, la intersecci√≥n de Coquimbo con Avenida Santa Rosa,,
53.424.363, emoci√≥n,deportes," Instagram,",22.2890784,114.1346515
53.421.259," Supercl√°sico,",deportes, Estadio Nacional,-12.0673803,-77.03378302724295
53.880.123, parricidio,ciencia," avenida Los Carrera de Concepci√≥n,",-36.8147233,-73.0311125
53.877.352," potencialmente podr√≠an ser m√°s riesgosas,",tecnologia, Chile.,-31.7613365,-71.3187697
53.582.101, inhabilidad de car√°cter personal,ciencia, Corte de Apelaciones de Santiago.,-33.4391844,-70.6525968
53.567.368, una banda delictual.,accidentes," Maip√∫,",-33.5094409,-70.756182
53.879.253, transici√≥n ecol√≥gica.,tecnologia," Houston, La Haya y el Reino Unido.",,
53.877.285, estallido social,educacion, Universidad de Concepci√≥n,-36.83101365,-73.03468092794185
53.420.939, 1 de septiembre de 2022,ciencia, 1 de septiembre de 2022,,
53.419.634, crisis,accidentes," Regi√≥n Metropolitana,",-33.5739341,-70.6205518
53.522.056," August 8, 2024",deportes," August 8, 2024",22.8234541,104.9715034
53.423.161," pandemia,",entretenimiento," 2018,",40.7910441,44.5221885
53.554.058," INACAP inaugura sus nuevos talleres de gastronom√≠a,",tecnologia, INACAP Sede La Serena,,
53.558.315," ceremonia de entrega,",tecnologia," Osorno,",42.4106725,-4.3609815
53.422.943, relaciones amorosas.,entretenimiento, Hospital San Borja.,-33.461166899999995,-70.64150497547294
53.788.107, spam,ciencia," biobiochile.cl,",,
53.427.503," supercl√°sico 196,",deportes, Estadio Nacional,-12.0673803,-77.03378302724295
53.415.574," los comicios de octubre,",educacion," Ad portas de los comicios de octubre,",,
53.522.063, incendios,economia," zona centro sur de Chile,",,
53.877.887, violencia intrafamiliar,ciencia," la salida sur de la comuna,",,
53.561.147," precipitaciones,",salud, Santiago..,-33.4377756,-70.6504502
53.651.975," atentados y hechos de violencia,",ciencia," una escuela de San Antonio, Temuco,",,
53.651.357," atentados y hechos de violencia,",ciencia," una escuela de San Antonio, Temuco,",,
53.408.295, luchas y alegr√≠as de muchas familias.,entretenimiento, Elcomercio.pe.,,
53.421.497," una causa por corrupci√≥n"".",ciencia," Sali√≥ de un tel√©fono de una causa por corrupci√≥n"".",,
53.554.050, candidato a alcalde en San Felipe,ciencia," hospital San Camilo,",-32.7491067,-70.70931032923687
53.581.425, un incendio,accidentes, sector alto de Castro.,,
53.557.016, celestial,tecnologia," un lado del Sol al mismo tiempo,",,
53.562.761, inversi√≥n,economia, CNN Prime,,
53.409.324, marcha.,medio_ambiente," Valle del Elqui,",-30.0411614,-70.7152239
53.011.579, una operaci√≥n bastante compleja de transporte de drogas‚Äù.,ciencia, Regi√≥n Metropolitana,-33.5739341,-70.6205518
53.433.129," segunda vuelta presidencial,",economia," Providencia,",-33.4288379,-70.61133725589745
53.015.328, Vente Venezuela,deportes," ‚ÄúEl Bejucal‚Äù,",17.3071231,-91.2499105
53.410.739, inflaci√≥n al consumidor en Estados Unidos,economia, Estados Unidos,39.7837304,-100.445882
53.560.958, d√©ficit,economia, Chile,-31.7613365,-71.3187697
53.409.446, presiones para hacer intervencionismo electoral,politica," Regi√≥n de Atacama,",-27.5571783,-70.0156882
53.651.869," ""Gran Noche Con El Arte"".",medio_ambiente," galer√≠a Contacto de Santiago,",,
53.581.054, elecciones,politica, Puente Alto.,-33.6095279,-70.5754736
53.883.057, 2022.,ciencia," Los R√≠os,",-1.4941273,-79.5542485
53.555.087, controversia,salud," Chile,",-31.7613365,-71.3187697
53.554.160," terremoto,",ciencia,"¬†Tarapac√°,",-20.1636672,-69.5463448
53.580.649," tecnolog√≠a de conexi√≥n inal√°mbrica de corto alcance,",tecnologia," tecnolog√≠a de conexi√≥n inal√°mbrica de corto alcance,",,
53.410.991," la final de lucha grecorromana masculina,",deportes, Par√≠s 2024.,-34.73311773469388,-58.44644124489796
53.554.304, delitos violentos.,ciencia, Santiago 1,14.0200468,121.2815312
53.418.349, ‚Äúr√©gimen anticicl√≥nico,medio_ambiente, Santiago,-33.4377756,-70.6504502
53.416.622, masacres sionistas contra los civiles¬ª.,ciencia, Tel Aviv.,32.0852997,34.7818064
53.578.505, policiales,ciencia," un c√©ntrico supermercado de Quilpu√©,",,
53.416.294, sistema frontal,accidentes, zona centro sur.,20.4540994,-100.6223448
53.417.587," buena noticia,",politica, el Senado,8.4083739,-75.3992435
53.588.347, serio,ciencia," Centro Penitenciario Femenino de San Miguel,",-35.4734362,-71.55715786676089
53.017.129, an√©cdotas cl√≠nicas,ciencia, Universidad de Oklahoma.,28.6815221,-106.140822
53.584.758," ""extra√±a"" desaparici√≥n",accidentes," R√≠o Damas en Osorno, en la Regi√≥n de Los Lagos.[VER",,
53.877.278," debate entre candidaturas a la Gobernaci√≥n Regional del Biob√≠o,",educacion," un debate entre candidatos a gobernador del Biob√≠o,",,
53.554.090," un delito,",ciencia," Caso Audios,",,
53.578.455, hist√≥rico‚Äù,tecnologia," Castro,",34.4952536,-102.2592314
53.421.863, Masters 1.000,deportes, Canad√°,61.0666922,-107.991707
53.427.239," golpe de Estado de Augusto Pinochet,",internacional," Estadio Chile,",-51.7261389,-72.4844421
53.561.037, tsunami,ciencia," entre las regiones del Maule y La Araucan√≠a,",,
53.878.085, Copa Libertadores.,deportes, Brasil,-10.3333333,-53.2
53.561.601, robo,ciencia, Regi√≥n de La Araucan√≠a,-38.6678955,-72.2610066
53.554.837," fin de semana de sangre,",politica," Regi√≥n Metropolitana,",-33.5739341,-70.6205518
53.564.647," tromba marina,",ciencia," Sicilia, en Italia,",37.5740311,14.6929187844473
53.691.793, crimenes,ciencia," calle Francia,",20.556568,-100.7971627
53.554.575," √∫ltima reuni√≥n de la Fed,",economia," Jackson Hole,",34.641109,-98.67619161204742
53.410.958, la pandemia.,economia, Chile,-31.7613365,-71.3187697
53.412.553," el temporal,",economia,Lider.cl,,
53.877.231, la pandemia de la covid-19,tecnologia, por todas partes.,,
53.468.404, un fen√≥meno excepcional,medio_ambiente, La Araucan√≠a.,-40.9071314,-73.157326
53.558.291, accidente de tr√°nsito,accidentes, Vitacura,-33.3802063,-70.56578365381537
53.558.658, La red Chile Unido contra el C√°ncer,salud, el centro de la capital,4.573029999999999,-75.64044706180246
53.427.490, importante,economia, CNN Chile,-33.4743219,-70.6673763
53.580.473, mejoramiento de los resultados financieros,economia, Las Condes.,-33.4084548,-70.5671489
53.554.554," el t√© es un aliado para el organismo de los adultos,",salud," Wellness Technologies Chile,",,
53.422.805, transnacional,economia," Minera Escondida,",-23.755923250000002,-70.2430702913531
53.557.996, un grave caso de corrupci√≥n,politica," Capit√°n Y√°ber,",,
53.522.020," inauguraci√≥n de la fundaci√≥n Colin Farrell,",entretenimiento," inauguraci√≥n de la fundaci√≥n Colin Farrell,",,
53.561.216, primera menstruaci√≥n.,salud," Cl√≠nica Lipedema WAL Chile,",,
53.411.993, tr√°fico de drogas,ciencia, Melipilla.,-33.6855134,-71.2145796
53.558.802, violencia de g√©nero,ciencia, Parral.,-36.1414293,-71.8222221
53.877.421, Ley de drogas.,ciencia," Chiguayante, Regi√≥n del B√≠o B√≠o,",-36.9363658,-73.0186344
53.522.004, fraude elecci√≥n,internacional, C√∫cuta,7.8971458,-72.5080387
53.416.486, suspensi√≥n de clases,ciencia," no todas las resoluciones indican la ubicaci√≥n geogr√°fica,",,
53.415.257," el aplastante triunfo de la oposici√≥n,",internacional, Venezuela.,8.0018709,-66.1109318
53.877.170, fraude alimentario,salud," India, China, Estados Unidos, Italia y Reino Unido",,
53.580.058," ‚ÄúMercado de la Cultura de la Madera‚Äù,",tecnologia," Museo de las Iglesias, Ancud.",,
53.557.356, homicidio,ciencia, Avenida Francisco de Aguirre con Balmaceda.,,
53.015.096, elecciones presidenciales,internacional," Venezuela,",8.0018709,-66.1109318
53.876.870, pelea,educacion," regi√≥n del B√≠o B√≠o,",-36.83008705,-73.05915576648255
53.555.647," un sue√±o,",politica, Eleam de Vallenar?,,
53.412.093, Campeonato del Ascenso.,deportes," Estadio Lucio Fari√±a de Quillota,",-32.88687295,-71.2516286622132
53.559.120," avanzado estado de descomposici√≥n‚Äù,",ciencia," Colina, Regi√≥n Metropolitana.",-33.202472,-70.6749147
53.591.747, suspensi√≥n,ciencia, Brasil.,-10.3333333,-53.2
53.560.764," la discusi√≥n del Presupuesto pasado para este segundo semestre"".",economia," Padre Las Casas,",-38.7674245,-72.5956312
53.651.811, Fundaci√≥n Paz Ciudadana.,ciencia," 10 de abril de 2023,",,
53.421.022, la guerra de 2006,ciencia, L√≠bano,33.8750629,35.843409
53.554.089, uno de sus √∫ltimos cumplea√±os,entretenimiento," r√≠o Ganges,",25.7240512,84.1137187
53.416.849, subvencionados,educacion, Universidad San Sebasti√°n,-36.8130912,-73.0434022053635
53.878.538, grav√≠simo,ciencia, Ministerio de Salud,-33.4364906,-70.6470553
53.409.628, feriado.,accidentes,"¬†Santiago,",-33.4377756,-70.6504502
53.407.122," W35 Chacabuco,",deportes," Tucum√°n, Argentina.",-26.8303703,-65.2038133
53.556.878," ""¬øHasta cu√°ndo?"",",ciencia," Rinconada,",-32.8393819,-70.6871827
53.408.269, Juegos Ol√≠mpicos,salud, Stade de France,48.924472550000004,2.3601325226927248
53.521.899, fase de grupos.,deportes, √Åmsterdam.,52.3730796,4.8924534
53.415.135, Protagonistas 2030,tecnologia,Universidad Andr√©s Bello,-33.45092815,-70.6683865846022
53.418.743," elecciones presidenciales de Estados Unidos,",ciencia, CBS,39.1160281,-84.5020941
53.557.982,"Durante la jornada del mi√©rcoles 21 de agosto,",entretenimiento," Gorbea, regi√≥n de La Araucan√≠a.",-39.1032067,-72.6759888
53.408.284, Premios Summum 2022.,ciencia," Av. Javier Prado Este 5902,",-12.0846441,-76.9782156
53.406.936, presunto asesinato,ciencia, Nueva York,40.7127281,-74.0060152
53.582.021," fiesta privada,",ciencia," Teatro Caupolic√°n,",-33.4562166,-70.64923855
53.707.278, riesgo de fuga.,ciencia,"En el marco del caso ¬´Audio¬ª,",,
53.877.335,Un brutal accidente de tr√°nsito,accidentes, en plena calle.,,
53.653.066, Fundaci√≥n Paz Ciudadana.,ciencia," 10 de abril de 2023,",,
53.579.934, menor inflaci√≥n,economia, julio.,-54.2261527,-72.05261813246645
53.880.141, desconocida subvenci√≥n,economia," A la hora de comprar una vivienda,",,
53.408.189, ‚Äúgolpe de Estado‚Äù.,internacional, ‚Äúun d√≠a antes de los comicios,,
53.417.983, elecci√≥n presidencial de Venezuela,internacional," Argentina,",-34.9964963,-64.9672817
53.418.587, delictuales,ciencia," un jeep Suzuki Grand Vitara, color verde",,
53.558.196," terremoto,",ciencia," Mina Collahuasi, en la regi√≥n de Tarapac√°,",,
53.409.660, ¬´crisis,economia, Universidad de Concepci√≥n.,-36.83101365,-73.03468092794185
53.580.833, apuestas deportivas.,tecnologia, Betano,-9.16371,125.72384
53.410.775, sismo,ciencia," Antofagasta,",-23.6041314,-69.0842783
53.420.809, elecciones presidenciales,internacional," 28 de julio,",-3.4759535,-74.8011996
53.409.262, Policial,ciencia," La Pintana,",-33.5833594,-70.629827
53.407.294, vacaciones,internacional, M√©xico,23.6585116,-102.0077097
53.586.556," fiestas locales,",medio_ambiente," Palena,",41.9833669,14.137946
53.885.878," delitos tributarios, lavado de activos y sobornos.",ciencia," Cuarto Juzgado de Garant√≠a de Santiago,",,
53.410.421, tr√°fico de drogas,ciencia, calle Conde de Maule,,
53.558.647," campa√±a,",educacion," Este viernes,",48.3787553,4.0121178
53.007.766, mal tiempo,medio_ambiente, Cancura.,-40.7589682,-72.9645776
53.409.304, problema,politica, Radio Cooperativa.,-33.4397312,-70.67657854999999
53.561.091," conflicto interno entre el odio y el amor,",entretenimiento," la soledad,",7.8785795,-81.2691736
53.412.606, discusiones que se tom√≥ la agenda pol√≠tica.,politica, la regi√≥n Metropolitana.,47.6594864,-0.8186143
53.560.211," d√©bil,",salud, Santiago,-33.4377756,-70.6504502
53.592.250, crisis de seguridad,economia, durante el fin de semana-,,
53.555.169," historias personales,",economia, Paillaco,-40.0706633,-72.8726695
53.708.075, detenidos en estado de ebriedad.,ciencia, la c√°rcel Santiago 1.,-33.6023447,-70.8804264
53.878.403, el cuerpo de la mujer fue arrastrado por el agua.,ciencia," Villa Alemana,",-33.0441903,-71.3725464
53.413.924," hurto,",ciencia," el terminal Agropecuario de la ciudad de Calama,",,
53.413.147," ""diversos datos econ√≥micos",economia," Estados Unidos,",39.7837304,-100.445882
53.557.596, Aravena ahora enfrenta cargos federales.,ciencia," aeropuerto de Los √Ångeles, en Estados Unidos,",,
53.557.843,"A√∫n no cumple la mayor√≠a de edad,",economia, Ministerio del Interior.,-12.098043449999999,-77.01558583411844
53.408.520, NoticiasInformaci√≥n basada en hechos,deportes, Argentina,-34.9964963,-64.9672817
53.423.400, drama policial,ciencia," Mugla, una ciudad costera de Turqu√≠a,",,
53.614.046," elecciones,",ciencia, Este mi√©rcoles,,
53.557.164," freeride,",deportes," Utah, Estados Unidos.",39.4225192,-111.714358
53.559.024, inestabilidad,salud,Santiago,-33.4377756,-70.6504502
53.878.870, un enfrentamiento entre bandas rivales,ciencia, Alfonso Alcalde.,-33.5224111,-70.7023476
53.407.276, CUMPLE A√ëOS,salud, ARIES,36.773869000000005,31.404783449999996
53.413.059, arbitraria,economia," direcciones f√≠sicas,",,
53.558.063," ""La pandemia",salud, fuera de Santiago,-31.5631497,-64.7068006
53.421.385,golagol('/especiales/2024/deportes/gol-gol/TorneoNacional/18.xml'),deportes,golagol('/especiales/2024/deportes/gol-gol/TorneoNacional/18.xml'),,
53.408.475, IX Congreso de la ULAC,tecnologia, Sheraton Lima Historic Center.,-12.05727155,-77.03688620926025
53.558.005, una acci√≥n de marketing,entretenimiento, Chile,-31.7613365,-71.3187697
53.877.091," duelo por el t√≠tulo,",deportes, Challenger de Santo Domingo,,
53.422.781, automatiza el c√°lculo,tecnologia, automatiza el c√°lculo,,
53.559.305, asalto,ciencia," Rancagua,",-34.170249,-70.7407427
53.468.457," ""estallido social"".",medio_ambiente," Temuco,",-38.7362611,-72.590546
53.558.105, una denuncia ciudadana,medio_ambiente," Calama,",-22.4623917,-68.9272181
53.708.323, intensificaci√≥n de la competencia y los desaf√≠os externos.,economia," 2024,",46.89514846666667,6.7741007121212125
53.882.723, da√±os calificados.,accidentes, Aeropuerto Internacional de Santiago.,-33.38939795,-70.79415901711005
53.412.511," fallecimiento,",politica,¬†Hospital Regional Dr. Leonardo Guzm√°n (Antofagasta),,
53.607.179, fraude electoral,politica, CBS.,39.1160281,-84.5020941
53.556.197, bomba lacrim√≥gena,ciencia," Centro Penitenciario de Molina, Regi√≥n del Maule,",-35.11351565,-71.28423574250603
53.411.272, caos vial,ciencia," Rancagua, regi√≥n de O‚ÄôHiggins,",-34.17415415,-70.74222313252632
53.562.010, montajes pol√≠ticos.,tecnologia," Universidad de Concepci√≥n,",-36.83101365,-73.03468092794185
53.423.501," ""Siempre quise volver,",entretenimiento, Miami.,25.7741728,-80.19362
53.411.607, Las Noticias de Malleco es el medio escrito m√°s antiguo,deportes, Centro de Tiro de Chateauroux,,
53.417.591, tensi√≥n.,politica, Concepci√≥n,-36.8270795,-73.0502399
53.421.262," Supercl√°sico,",deportes, Nacional,-33.2857613,-66.3285549
53.015.152, meter en la c√°rcel a ambos pol√≠ticos durante 30 a√±os.,internacional, Venezuela.,8.0018709,-66.1109318
53.710.082, actos de violencia extrema,economia," Arauco,",-37.246248,-73.3176399
53.562.335, elecci√≥n,internacional, La audiencia en el TSJ se celebr√≥ sin Gonz√°lez Urrutia.,,
53.562.480, un atentado incendiario,ciencia, Los R√≠os.,-1.4941273,-79.5542485
53.605.379, tensiones,internacional, Beijing,39.9057136,116.3912972
53.557.166, alto riesgo,salud," Pichasca,",-30.3946623,-70.8708931
53.467.893, ‚ÄúLey Karin: Alcances de la Ley N¬∞ 21.643,medio_ambiente, centro educativo Inacap,,
53.712.000, ‚Äúel concurso Carmen√®re al Mundo,medio_ambiente," Chile,",-31.7613365,-71.3187697
53.597.748, la nueva edici√≥n de  El Mercurio.,ciencia," Cl√≠nica Alemana de Santiago,",-33.3919994,-70.5726187
53.427.862, spoilers,entretenimiento," Avengers: End Game,",,
53.562.667," ‚Äúultrarresistentes‚Äù,",medio_ambiente," Universidad de Valencia, en Espa√±a,",,
53.468.373," ""estallido social"".",medio_ambiente," Temuco,",-38.7362611,-72.590546
53.716.653," Butler Farm Show‚Äù,",accidentes," Butler, Pensilvania, Estados Unidos.",40.86108,-79.895197
53.410.329, masivos cortes de la luz,accidentes, distintas comunas del pa√≠s.,,
53.563.337, estilo de vida‚Äù.,ciencia, Universidad de Harvard,42.365743249999994,-71.12221394207614
53.595.271, la guerra de 30 meses,accidentes, Rostov.,47.6222451,40.7957942
53.554.159," D√≠a Abierto,",medio_ambiente, Casa del Comunero de Ovalle,,
53.879.071, consumo de alcohol,ciencia," Fundo El Reba√±o, Quilpu√©.",-33.0260104,-71.45735
53.408.668," la cena,",salud," Bienestar El Comercio,",,
53.409.470, Fiestas Patrias.,economia, Fiesta de La Pampilla,,
53.522.116, aventura visualmente impactante y emocionalmente intensa.,entretenimiento, la D23,47.3637378,-1.187471
53.408.210, protestas,internacional, diciembre del 2022 a marzo del 2023,-16.5452092,-68.221775
53.707.780," viento normal a moderado,",accidentes, Regi√≥n de Valpara√≠so.,-32.5976089,-70.8529753
53.725.269, Copa Libertadores,deportes," Sal√≥n Cristal de la sede de Nacional,",,
53.462.174, Casino de Juegos,entretenimiento," Uruguay,",-32.8755548,-56.0201525
53.653.243," ""Gran Noche Con El Arte"".",medio_ambiente," galer√≠a Contacto de Santiago,",,
53.017.159, pandemias,educacion, Dub√°i,25.2653471,55.2924914
53.523.346, bullado Caso Audios.,ciencia," las oficinas de Hermosilla,",,
53.621.067, Todo sobre Redes Sociales,entretenimiento, Santiago,-33.4377756,-70.6504502
53.560.972," chequeos m√©dicos regulares,",ciencia, Universidad de Harvard.,42.365743249999994,-71.12221394207614
53.562.838," aumento de despidos,",tecnologia," todo Chile,",-34.7399914,-71.1863771
53.410.628, elecciones presidenciales de 2025.,ciencia," Ensenada, en la Regi√≥n de Los Lagos,",,
53.558.276, un proyecto muy esperado,medio_ambiente," Collilelfu en Los Lagos,",-39.8609456,-72.8150753265059
53.411.332, sismos,ciencia, Socaire.,-23.5902062,-67.8902747
53.562.879, artrosis,entretenimiento, Restaurant La Ruca de San Felipe.,-32.8026907,-70.6782455
53.425.829, escalada de tensiones.,internacional, la Franja de Gaza.,20.9510425,-101.5027483
53.710.777, violencia intrafamiliar,entretenimiento, 8 de marzo.,20.0102513,-75.7564948
53.559.771, pandemia,salud,"Las regiones del √ëuble,",,
53.878.397, convocado por la Ilustr√≠sima Corte de Apelaciones de Valpara√≠so,medio_ambiente, Valpara√≠so,-33.0458456,-71.6196749
53.559.560, D√≠a del Zurdo.,deportes, D√≠a del Zurdo.,,
53.410.934," ¬´estallido social¬ª, la pandemia del COVID-19",economia, Chile,-31.7613365,-71.3187697
53.561.949, elecciones,internacional," 28 de agosto,",25.6455557,-102.1114604
53.554.017," ‚Äúviolaci√≥n a la propiedad‚Äù,",accidentes," Bajos de Mena,",-33.6252424,-70.6125547
53.879.613, tumbas que se inundaron en el a√±o 2019.,accidentes, Valpara√≠so,-33.0458456,-71.6196749
53.562.617, un enfrentamiento con armas de fuego.,ciencia, la calle Coquimbo con San Diego,,
53.655.127, el hospital implementar√° nuevos procedimientos de ingreso,medio_ambiente," Sala Los Avellanos, ubicada en Francisco Salazar 1145.",,
53.408.428," Juegos Ol√≠mpicos Par√≠s 2024,",deportes, Parque de los Pr√≠ncipes.,37.373935900000006,-6.006222033097703
53.558.687, podr√≠a afectar la econom√≠a nacional.,economia," Escondida,",38.1261885,-84.2279858
53.560.591," terremoto,",ciencia," 28.36 km al este de Los Andes,",,
53.585.382,Sorpresa pol√≠tica,politica, la publicaci√≥n de las n√≥minas oficiales,,
53.553.805, megaterremoto,ciencia, Tohoku Oki,,
53.556.719, Este fin de semana largo se registraron 8 homicidios,economia," Regi√≥n Metropolitana,",-33.5739341,-70.6205518
53.522.517, The situation remains difficult,entretenimiento, Kursk.,51.7309249,36.1923123
53.411.745," un curso de alta especializaci√≥n,",tecnologia," Castro,",34.4952536,-102.2592314
53.709.623, mejores opciones y promociones.,tecnologia, Espa√±a?,39.3260685,-4.8379791
53.562.939, un video,deportes, Friuli.,46.151042,13.055904
53.651.917," atentados y hechos de violencia,",medio_ambiente," cruce Barnet,",,
53.654.106," lo que sucede en La Araucan√≠a,",educacion," La Araucan√≠a,",-40.9071314,-73.157326
53.554.525, m√°ximo intrad√≠a de 2021,tecnologia," Los Gatos, California,",37.226611,-121.9746797
53.655.040," criminal,",ciencia," cruce Barnet,",,
53.412.168, cat√≥lica,salud, Santiago¬†como en las distintas regiones de¬†Chile.,,
53.557.509, caso Audio.,ciencia, el 4¬∞ Juzgado de Garant√≠a de Santiago,,
53.415.684, una banda delictual.,ciencia," centro de Santiago, Regi√≥n Metropolitana,",-33.4705035,-70.5726601
53.613.830, elecciones generales del domingo.,internacional," resultadosconvzla.com"",",,
53.559.480, Fiesta Dame,ciencia," Teatro Caupolic√°n, en la comuna de Santiago,",,
53.609.683, terrorista isl√°mica  que planificaba atentados,ciencia, Mendoza,-34.787093049999996,-68.43818677312292
53.561.888, antisemitas,ciencia, una sinagoga de La Grande-Motte.,,
53.556.110, crisis pol√≠tica,internacional, Regi√≥n Metropolitana,-33.5739341,-70.6205518
53.578.576," una nave realmente, de qu√© tipo,",ciencia, regi√≥n Magallanes.,-53.3527518,-71.5547782
53.015.111," las elecciones de noviembre,",deportes, Minnesota,45.9896587,-94.6113288
53.563.292, reforma previsional.,politica," televisi√≥n abierta,",-34.5494331,-59.151728
53.416.433, una ola de asesinatos,ciencia, la capital.,25.672851549999997,-100.29938002483908
53.562.608," acusaci√≥n constitucional"".",entretenimiento, la C√°mara de Diputadas y Diputados,,
53.560.200, una disputa legal de alto riesgo,tecnologia, Sabah.,5.4257359,117.0326392
53.560.873, la ola migratoria,internacional, Chile,-31.7613365,-71.3187697
53.562.885, bomba at√≥mica,economia, Biob√≠o.,-37.3391407,-72.4106825
53.878.612, violencia dom√©stica,entretenimiento," en cines,",41.6236234,-4.7511278
53.411.731, criminal,ciencia," Paraguay,",-23.3165935,-58.1693445
53.554.262," enfermedades cr√≥nicas,",salud," nuestro pa√≠s‚Äù,",38.0945794,-0.9641507880896637
53.008.391, fiestas patrias.,economia, fiestas patrias.,-32.8957104,-71.2693051
53.562.042, persecuci√≥n pol√≠tica,internacional," Parque Carabobo, en Caracas.",,
53.559.663, certamen de ascenso.,deportes," San Luis de Quillota,",-32.8958591,-71.2480982
53.410.066, tormentas el√©ctricas.,salud," sector oriente del Gran Santiago,",,
53.606.173, el balance de fallecidos podr√≠a ser muy superior al anunciado oficialmente.,ciencia, la Franja de Gaza,20.9510425,-101.5027483
53.879.038," massive russian missile and air strike,",ciencia, Kiev,50.4500336,30.5241361
53.559.839," elecci√≥n"",",politica," Vi√±a del Mar,",-33.0244535,-71.5517636
53.412.629, recesi√≥n,economia, Estados Unidos,39.7837304,-100.445882
53.406.901, Torneo Clausura de la Liga 1,deportes, estadio Alejandro Villanueva.,-12.0685041,-77.0229272261725
53.580.165, los tiempos m√°s oscuros de la dictadura,politica, los tiempos m√°s oscuros de la dictadura,,
53.560.372, aniversario n√∫mero 211,educacion, Lautaro.,-38.534312,-72.4350504
53.708.184, Hacer el lanzamiento de la compa√±√≠a en nuestro pa√≠s.,entretenimiento, Chile,-31.7613365,-71.3187697
53.878.558, tratamiento por c√°ncer,salud," August 7, 2024",51.4947361,6.7717338
53.017.768, ‚ÄúOperaci√≥n Hurac√°n‚Äù.,ciencia, Los Lagos,-42.300844,-73.105387
53.409.866," cierre de la sider√∫rgica,",medio_ambiente," Sider√∫rgica Huachipato,",-34.39090775,-70.83923317547789
53.410.722, Akademy Showcase‚Äì,entretenimiento, Bar Santo Remedio,-0.1990132,-78.4879923
53.521.875," el condenado inici√≥ una discusi√≥n con Silva Leal,",ciencia, pasaje Santa Graciela de la capital regional.,,
53.877.637," deber√° permanecer m√°s de cuatro a√±os tras las rejas,",accidentes, Punta Arenas,-53.1625688,-70.907822
53.556.172, enfrentamiento entre bandas rivales.,ciencia," su casa,",18.59715405,73.76613600333516
53.562.735," c√°ncer,",deportes," Bayer Leverkusen,",51.0222804,6.9885981
53.409.240," Seg√∫n informaci√≥n oficial, el homicidio",ciencia," La Vega Central,",-33.42924855,-70.64934272039619
53.708.080," Pok√©mon TCG,",deportes, palacio de La Moneda,-33.442820999999995,-70.65421248096878
53.418.363, emigrar.,tecnologia," Zapallar,  en la Regi√≥n de Valpara√≠so,",,
53.563.153," cuatro universidades,",tecnologia,Chile,-31.7613365,-71.3187697
53.409.982, test de drogas.,politica," confiter√≠a Torres del Centro Cultural Palacio de La Moneda,",,
53.563.099, temporario,medio_ambiente, El lago Calafqu√©n,-38.6744844,-72.2197899
53.581.991, estafa.,accidentes," Aeropuerto de Santiago,",-33.38939795,-70.79415901711005
53.410.309, apropiaci√≥n indebida.,ciencia," Cl√≠nica de Las Condes-,",-33.39991605,-70.50964924313772
53.555.035," elecciones,",ciencia," Diario ‚ÄúPulso‚Äù de La Tercera,",,
53.876.787, Estudiante Universitario,deportes, Festival Futbol Cine.,,
53.414.592, Juegos Ol√≠mpicos,tecnologia," Par√≠s 2024,",-34.73311773469388,-58.44644124489796
53.554.018, megaterremoto,ciencia, Tohoku Oki,,
53.522.764, lluvia,accidentes, Los Lagos,-42.300844,-73.105387
53.712.782," un experimento piloto,",tecnologia, la superficie de la Tierra.,,
53.522.298, Gas Andes.,entretenimiento, Gas Andes.,-22.888051949999998,-43.27583304048018
53.608.746, elecciones presidenciales,internacional, Caracas,10.5060934,-66.9146008
53.558.744," terremoto,",ciencia," 15 km al sur de Tocopilla,",,
53.414.620, bullying,ciencia, Escuela Pedro Pablo Lemaitre.,-53.142166950000004,-70.90440331775244
53.411.343, Hiperinflaci√≥n,economia," La Encrucijada de Turmero,",10.2097023,-67.4822136
53.421.091, Copa Libertadores,deportes, Colombia.,4.099917,-72.9088133
53.708.220," pandemia,",ciencia," }Mi√©rcoles, 4 de Septiembre de 2024",,
53.654.485," atentados y hechos de violencia,",medio_ambiente," cruce Barnet,",,
53.017.127, clima extremos,salud, Chile,-31.7613365,-71.3187697
53.571.511," evaluaci√≥n de  aeronavegabilidad militar,",tecnologia, Estados Unidos,39.7837304,-100.445882
53.879.441," formalizaciones de la investigaci√≥n‚Äù,",ciencia," cuarto Juzgado de Garant√≠a de Santiago,",,
53.559.717, prisi√≥n preventiva por el caso Farmacias Populares.,ciencia," Anexo Capit√°n Y√°ber,",,
53.425.293, Juegos Ol√≠mpicos,deportes, Juegos Ol√≠mpicos de Par√≠s 2024.,,
53.554.284," homicidio""",ciencia, Interior,43.726938,-101.984042
53.435.071, far√°ndula,ciencia," YouTube llamado Pedro P√©,",,
53.017.730, elecciones municipales,educacion, Concepci√≥n.,-36.8270795,-73.0502399
53.879.703, ferias libres.,medio_ambiente," Los Lagos,",-42.300844,-73.105387
53.409.555," el proyecto ""carece de informaci√≥n esencial""",medio_ambiente," Taltal, Regi√≥n de Antofagasta.",-25.4078293,-70.4858424
53.580.746, competencias h√≠picas.,salud, Club H√≠pico de Santiago,-33.463918199999995,-70.6685993152827
53.418.341," delito‚Äù,",ciencia," Coronel, Regi√≥n del Biob√≠o.",-37.0164712,-73.1561953
53.412.379, ‚Äúel inicio de una serie de trabajos,medio_ambiente, se verific√≥ en terreno,,
53.408.307," c√≠vico-militar,",ciencia, Jun√≠n,-11.5,-75.0
53.559.924," el robo del siglo,",ciencia," Aeropuerto de Santiago,",-33.38939795,-70.79415901711005
53.421.023, Rusia est√° en guerra,entretenimiento, Mosc√∫.,55.625578,37.6063916
53.417.032, postelectoral.,internacional," Santo Domingo de Guzm√°n,",18.4801972,-69.942111
53.557.619, descarrilamiento,accidentes," Valencia de Quilpu√©,",-33.0417418,-71.4675477
53.420.579, elecciones presidenciales,internacional, Curitiba.,-25.4295963,-49.2712724
53.579.406, marejadas,accidentes, Valpara√≠so,-33.0458456,-71.6196749
53.413.041, intervenci√≥n quir√∫rgica,accidentes, Vicu√±a,-30.0340482,-70.7126702
53.561.097, impactos bal√≠sticos.,ciencia," Montahue, en la comuna de Penco.",,
53.411.987, Copa Libertadores,deportes, la comuna de Macul.,,
53.555.395," nominaci√≥n para la Corte Suprema‚Äù,",ciencia, CNN Chile,-33.4743219,-70.6673763
53.416.083, emergencia internacional,salud, Rep√∫blica Democr√°tica del Congo,-2.9814344,23.8222636
53.418.251,vado de dinero.,ciencia, 22 de junio de 2023.,,
53.561.130, Copa Libertadores,deportes, Monumental,41.4002844,2.1795937
53.879.745," no se tratar√≠a de un delito contra el medio ambiente,",ciencia, islote espa√±ol de s‚ÄôEspalmador de Formentera,,
53.554.819, Viruela del Mono.,salud, Chile,-31.7613365,-71.3187697
53.406.283," campeonato de fulbito,",deportes," un campeonato de fulbito,",,
53.564.808," una tromba marina,",accidentes, cerca de la isla italiana de Sicilia.,,
53.876.957," una querella,",ciencia, motel El Duende.,,
53.409.876, 9 de agosto 2024.-,tecnologia," Municipalidad de Chonchi,",-42.6237755,-73.7722388
53.561.129, una convocatoria dirigida a artistas interdisciplinares,tecnologia, Chile,-31.7613365,-71.3187697
53.408.278, t√≥pico espec√≠fico.,tecnologia," 2009,",-32.95645454396062,-60.70744407201817
53.555.841, prevenci√≥n de enfermedades infecciosas,educacion," colegio Saint Mary de La Serena,",-29.94523615,-71.2477583
53.556.729, Festival Folcl√≥rico del Guat√≥n Loyola,educacion, Festival Folcl√≥rico del Guat√≥n Loyola,,
53.580.442," cambio clim√°tico,",medio_ambiente, Aguas Calientes en Puyehue.,,
53.011.500," una persecuci√≥n,",accidentes," Av. Vicu√±a Mackenna con Enrique Olivares,",,
53.015.211, alta mar,accidentes," entre Calais y Dunkerque, en Francia.",,
53.562.385, proceso electoral.,internacional, la red social X,,
53.877.380, üëã‚ö™üîµ,deportes, Portugal,39.6621648,-8.1353519
53.017.236," la oscilaci√≥n ant√°rtica,",medio_ambiente, Santiago.,-33.4377756,-70.6504502
53.554.060, una extensa caminata,salud,¬†Arica,-18.4785288,-70.3211394
53.418.594, un robo,ciencia," avenida Einstein, comuna Recoleta.",,
53.556.432, serie de Honor,deportes, decimonovena fecha del Campeonato de Primera Divisi√≥n,,
53.522.449, D√≠a de la Ni√±ez,accidentes, Valpara√≠so.,-33.0458456,-71.6196749
53.435.239, sali√≥ a compartir con unos amigos.,entretenimiento," recinto de la estaci√≥n de servicio,",,
53.421.020," ""obsesi√≥n"".",deportes, Udinese.,-20.217764,57.4692542
53.408.404, NoticiasInformaci√≥n basada en hechos,ciencia, regi√≥n San Mart√≠n.,18.046426,-63.0413005
53.418.059," ‚ÄúGran protesta mundial por la verdad‚Äù,",internacional, Santiago,-33.4377756,-70.6504502
53.425.914," bombardeos de Israel sobre Beirut,",internacional," Beirut,",33.8959203,35.47843
53.601.139, una expedici√≥n de 28 d√≠as,medio_ambiente, Salas y G√≥mez y Nazca,,
53.570.269," ""Le Mans""",entretenimiento," Kissimmee, Florida,",28.285105899999998,-81.41090050441758
53.415.377," delito de amenazas,",accidentes, √ëu√±oa,-33.4543304,-70.60058198319726
53.561.376, Desaf√≠o Levantemos Chile,medio_ambiente," Canal Beagle, Vi√±a del Mar.",-33.0391722,-71.5106512
53.558.707," cierto riesgo,",ciencia," Caupolic√°n,",-34.9896702,-71.2351752
53.417.553, prolongados cortes de energ√≠a y la conmoci√≥n,internacional, Italia,42.6384261,12.674297
53.414.763, fraude electoral.,internacional, Venezuela,8.0018709,-66.1109318
53.571.399, cas√≥,entretenimiento, X,61.2603424,16.694698498129124
53.877.178, pelea relacionada con drogas.,ciencia, intersecci√≥n vial de Arturo Fern√°ndez con Las Cabras.,,
53.557.970, siniestro que afect√≥ locales comerciales,accidentes," la Alameda,",30.731272,-112.7828554
53.417.930, proceso eleccionario,internacional, Venezuela.,8.0018709,-66.1109318
53.878.789, tr√°fico de drogas.,ciencia," Castro, Chilo√©.",-42.482375,-73.7642918
53.879.360," 30 d√≠as de reality,",entretenimiento," las instalaciones de Canal 13,",,
53.560.973, Panamericano de Colombia.,deportes, Estadio Manquehue,-33.3948706,-70.57531132518707
53.581.842," terremoto,",ciencia," 26 km al oeste de Calama,",,
53.621.242, vacaciones,entretenimiento, vacaciones en Europa.,,
53.555.932, simul√≥ ser v√≠ctima de robos con violencia e intimidaci√≥n,ciencia,VI√ëA DEL MAR.-,-33.0244535,-71.5517636
53.620.845,"ELECCIONES REGIONALES,",accidentes," ruta que une las localidades de Tijeral y Mininco,",,
53.556.002, crisis pol√≠tica,internacional," Ev√≥poli,",,
53.878.684, ‚Äúa√∫n se est√° en proceso de recopilar los antecedentes,accidentes," San Pedro de la Paz,",-36.8414183,-73.1039909
53.877.706, Alta Complejidad,ciencia," Collipulli,",-37.9566312,-72.4374375
53.571.065," cumplea√±os,",entretenimiento," Nueva York, Estados Unidos.",40.7127281,-74.0060152
53.521.921," Festival de Vi√±a 2025,",entretenimiento, Estados Unidos,39.7837304,-100.445882
53.564.993," en el mundo pol√≠tico,",internacional, Chile.,-31.7613365,-71.3187697
53.427.495, elecciones,internacional," Venezuela,",8.0018709,-66.1109318
53.560.880, fuerte¬†temporal,ciencia," el mismo estero,",,
53.558.823," reuniones,",economia," Radio Universo,",-31.4565915,-64.5227815
53.555.119," parricidio,",accidentes, Buin.,-33.7319741,-70.7419619
53.560.405, sicariato,ciencia, centro de Concepci√≥n.,-36.8301581,-73.0610353
53.554.003," tr√°fico a√©reo no identificado,",accidentes," zona oriental del Estrecho Magallanes,",,
53.878.556, delitos.,ciencia," Subsecretar√≠a de Educaci√≥n,",-33.4807552,-59.9996477
53.413.313, migrante,politica," Chile,",-31.7613365,-71.3187697
53.410.741," migraci√≥n desordenada,",internacional," Venezuela‚Äù,",8.0018709,-66.1109318
53.568.250, Juegos Ol√≠mpicos de Par√≠s 2024:,deportes, Juegos Ol√≠mpicos de Par√≠s 2024:,,
53.662.641, temporada estival,medio_ambiente," a un costado de la calle Padre Hurtado,",,
53.564.685, Supercl√°sico,deportes, Brasil,-10.3333333,-53.2
53.415.156," temblor demagnitud 2,7afect√≥",ciencia," Mina Collahuasi, en la regi√≥n de Tarapac√°,",,
53.558.599, un evento.,accidentes, Teatro Caupolic√°n,-33.4562166,-70.64923855
53.564.615, elecciones presidenciales,internacional, 28 de julio,-3.4759535,-74.8011996
53.878.139, elecciones presidenciales,internacional," Venezuela,",8.0018709,-66.1109318
53.580.209," terremoto,",ciencia," Calama, en la regi√≥n de Antofagasta,",,
53.557.836, concierto,entretenimiento," Fortnite,",-34.5832662,-58.6360299
53.877.912," Supercopa de Europa,",deportes," Varsovia,",52.2319581,21.0067249
53.418.458," convivencia,",ciencia,La Superintendencia de Educaci√≥n,-33.439457,-70.6476114
53.553.829, muerte.,ciencia," Servicio de Urgencia San Ger√≥nimo,",,
53.566.984, amplia colaboraci√≥n entre Chile y Brasil en diversos √°mbitos.,tecnologia, Chile,-31.7613365,-71.3187697
53.651.936, Fundaci√≥n Paz Ciudadana.,ciencia," 10 de abril de 2023,",,
53.653.637," atentados y hechos de violencia,",ciencia," una escuela de San Antonio, Temuco,",,
53.555.528, premio a la Econom√≠a Circular,tecnologia," zona norte, centro y sur del pa√≠s.",,
53.557.920, la crisis.,medio_ambiente, Regi√≥n Metropolitana,-33.5739341,-70.6205518
53.877.532, un tr√°gico accidente.,medio_ambiente, Idahue,-36.8506236,-73.0765241
53.407.562, El Comercio,deportes, El Comercio,-12.0493037,-77.0307248
53.707.917, principales reclamos,tecnologia, china,35.000074,104.999927
53.416.837, Gran Misi√≥n Vuelta a la Patria,politica, frente al Palacio de Miraflores de Caracas.¬´Esta,,
53.560.615, bencinera,accidentes," Calera de Tango,",-33.6309419,-70.7593202
53.413.983, VI Concierto de la Temp/24;,entretenimiento," M√∫nich, Alemania,",48.1371079,11.5753822
53.412.393, masivo corte.,accidentes," centro y su del pa√≠s,",37.9063788,-0.8578337
53.592.681, un foro,economia, Enela,59.1176023,26.338763049999997
53.413.460," d√≠a feriado,",economia, Chile,-31.7613365,-71.3187697
53.409.458, emergencia de salud p√∫blica de importancia internacional,salud, Rep√∫blica Democr√°tica del Congo,-2.9814344,23.8222636
53.644.512," Concierto VI de Temporada,",entretenimiento, Teatro Municipal de Temuco,-38.7404998,-72.62311043333978
53.408.661, centenario,deportes," centenario de Universitario de Deportes,",,
53.421.296," un intercambio masivo de prisioneros,",ciencia, Croacia,45.3658443,15.6575209
53.410.220, D√≠a de la Madre,salud, restaurante Fundo Las T√≥rtolas,,
53.415.874, adoptada.,ciencia, regi√≥n de¬†Magallanes. En su lugar de nacimiento,,
53.556.902," fiesta del 18,",salud," Chile,",-31.7613365,-71.3187697
53.608.606, un encuentro internacional de mujeres rurales.,medio_ambiente, Regi√≥n de Los R√≠os.,-39.9742747,-72.6677006
53.423.326, comercial.,entretenimiento," Canal 13,",-33.4968745,-59.6616873
53.412.996, secuestros,educacion, el Colegio Cerro Guayaquil,,
53.522.179, se transformaron en un est√°ndar en su industria,entretenimiento, en el sector agrario.,,
53.653.566," ""Gran Noche Con El Arte"".",medio_ambiente," galer√≠a Contacto de Santiago,",,
53.554.784," motivos imprevistos,",ciencia," la comuna de El Quisco,",,
53.557.599, se reportaban personas atrapadas,accidentes," Casino Media Luna,",-30.605782,-71.1951028
53.521.954, desaparici√≥n,accidentes, Osorno,42.4106725,-4.3609815
53.556.906," Nueva York,",economia," Nueva York,",40.7127281,-74.0060152
53.011.592, ca√≠da de servidores,accidentes, Metro de Santiago,-33.601031649999996,-70.57050729092406
53.557.945," querella de Sichel,",ciencia," Durante la audiencia,",,
53.877.896, infracci√≥n a la Ley de Pesca.,ciencia," Ancud,",-41.8682162,-73.8287225
53.879.409, la boda fallida,entretenimiento," Roma, Italia.",37.1277579,-7.6493087
53.554.542, medidas cautelares de los imputados.,ciencia," durante la jornada de este viernes,",,
53.877.470, los comicios.,internacional," Venezuela,",8.0018709,-66.1109318
53.879.103, asalto,ciencia, Rancagua,-34.170249,-70.7407427
53.555.636,"icidio frustrado,",ciencia," Los R√≠os,",-1.4941273,-79.5542485
53.653.236," lo que sucede en La Araucan√≠a,",educacion," La Araucan√≠a,",-40.9071314,-73.157326
53.411.620," prolongado corte de luz,",tecnologia, Coquimbo y Los Lagos,-37.8127321,-72.696257
53.654.090, proyecto de ley,economia, Colegio Bautista.,13.6805963,-89.1906343
53.878.836," robo con violencia,",ciencia," calle Maip√∫,",25.7541306,-100.355857
53.412.969, elecciones,politica, Venezuela,8.0018709,-66.1109318
53.562.343," alta afluencia,",accidentes," Viena,",48.2083537,16.3725042
53.876.929, Campeonato Nacional.,deportes, Uni√≥n La Calera,-32.7909987,-71.2152907
53.423.351, fallido matrimonio,entretenimiento," ""hace poco,",,
53.411.356, ‚Äúextrema ruralidad‚Äù.,tecnologia," todo el sur del pa√≠s,",,
53.559.141," inauguraci√≥n del Centro de Cuidados Comunitarios de la comuna,",economia," inauguraci√≥n del Centro de Cuidados Comunitarios de la comuna,",,
53.406.006, Torneo Clausura 2024,deportes, estadio Alejandro Villanueva,-12.0685041,-77.0229272261725
53.565.419, vientos de hasta 125 km/h,economia," regi√≥n Metropolitana,",-33.5739341,-70.6205518
53.558.450," Hoy, desde Madrid, celebra el lanzamiento",entretenimiento," Madrid,",40.4167047,-3.7035825
53.554.604, megaterremoto,ciencia, Tohoku Oki,,
53.408.411, aniversario de Arequipa.,deportes," Arequipa,",-16.3988667,-71.5369607
